{
    "o:label": "Annotation",
    "o:resource_template_property": [
        {
            "o:alternate_label": "Motivated by",
            "o:alternate_comment": null,
            "o:is_required": false,
            "data_types": [
                {
                    "name": "customvocab:1",
                    "label": "Annotation oa:motivatedBy"
                }
            ],
            "vocabulary_namespace_uri": "http://www.w3.org/ns/oa#",
            "vocabulary_label": "Web Annotation Ontology",
            "local_name": "motivatedBy",
            "label": "motivatedBy"
        },
        {
            "o:alternate_label": "Value",
            "o:alternate_comment": "May be used for body textual content and/or json/xml/svg, etc. target selector.",
            "o:is_required": false,
            "data_types": [
                {
                    "name": "literal",
                    "label": "Text"
                }
            ],
            "vocabulary_namespace_uri": "http://www.w3.org/1999/02/22-rdf-syntax-ns#",
            "vocabulary_label": "The RDF Concepts Vocabulary (RDF)",
            "local_name": "value",
            "label": "value"
        },
        {
            "o:alternate_label": "Has purpose",
            "o:alternate_comment": null,
            "o:is_required": false,
            "data_types": [
                {
                    "name": "customvocab:2",
                    "label": "Annotation Body oa:hasPurpose"
                }
            ],
            "vocabulary_namespace_uri": "http://www.w3.org/ns/oa#",
            "vocabulary_label": "Web Annotation Ontology",
            "local_name": "hasPurpose",
            "label": "hasPurpose"
        },
        {
            "o:alternate_label": null,
            "o:alternate_comment": "Language of the textual body.",
            "o:is_required": false,
            "data_types": [
                {
                    "name": "literal",
                    "label": "Text"
                }
            ],
            "vocabulary_namespace_uri": "http://purl.org/dc/terms/",
            "vocabulary_label": "Dublin Core",
            "local_name": "language",
            "label": "Language"
        },
        {
            "o:alternate_label": "Has source",
            "o:alternate_comment": null,
            "o:is_required": false,
            "data_types": [
                {
                    "name": "resource",
                    "label": "All"
                }
            ],
            "vocabulary_namespace_uri": "http://www.w3.org/ns/oa#",
            "vocabulary_label": "Web Annotation Ontology",
            "local_name": "hasSource",
            "label": "hasSource"
        },
        {
            "o:alternate_label": "Rdf type",
            "o:alternate_comment": "The type of the selector, if any.",
            "o:is_required": false,
             "data_types": [
                {
                    "name": "customvocab:4",
                    "label": "Annotation Target rdf:type"
                }
            ],
            "vocabulary_namespace_uri": "http://www.w3.org/1999/02/22-rdf-syntax-ns#",
            "vocabulary_label": "The RDF Concepts Vocabulary (RDF)",
            "local_name": "type",
            "label": "type"
        },
        {
            "o:alternate_label": null,
            "o:alternate_comment": "The format of the selector, if any",
            "o:is_required": false,
             "data_types": [
                {
                    "name": "customvocab:5",
                    "label": "Annotation Target dcterms:format"
                }
            ],
            "vocabulary_namespace_uri": "http://purl.org/dc/terms/",
            "vocabulary_label": "Dublin Core",
            "local_name": "format",
            "label": "Format"
        }
    ],
    "o:resource_class": {
        "vocabulary_namespace_uri": "http://www.w3.org/ns/oa#",
        "vocabulary_label": "Web Annotation Ontology",
        "local_name": "Annotation",
        "label": "Annotation"
    }
}